study_id,study_label,grouping,time_h,conc_ngml,sd_ngml,n,dose_mg,prandial,is_control
16000,Lundahl 1997,10mg-PO ER tablet,0.0,0.0,,12,10.0,fasted,True
16000,Lundahl 1997,10mg-PO ER tablet,0.0,0.0,,12,10.0,fasted,True
16000,Lundahl 1997,10mg-PO ER tablet,0.5,0.4144,,12,10.0,fasted,True
16000,Lundahl 1997,10mg-PO ER tablet,1.0,1.3679,,12,10.0,fasted,True
16000,Lundahl 1997,10mg-PO ER tablet,1.5,1.7822,,12,10.0,fasted,True
16000,Lundahl 1997,10mg-PO ER tablet,2.0,1.934,,12,10.0,fasted,True
16000,Lundahl 1997,10mg-PO ER tablet,3.0,1.892,,12,10.0,fasted,True
16000,Lundahl 1997,10mg-PO ER tablet,4.0,1.8638,,12,10.0,fasted,True
16000,Lundahl 1997,10mg-PO ER tablet,5.0,2.1397,,12,10.0,fasted,True
16000,Lundahl 1997,10mg-PO ER tablet,6.0,1.9456,,12,10.0,fasted,True
16000,Lundahl 1997,10mg-PO ER tablet,7.0,1.7239,,12,10.0,fasted,True
16000,Lundahl 1997,10mg-PO ER tablet,8.0,1.4331,,12,10.0,fasted,True
16000,Lundahl 1997,10mg-PO ER tablet,10.0,0.962,,12,10.0,fasted,True
16000,Lundahl 1997,10mg-PO ER tablet,12.0,0.6845,,12,10.0,fasted,True
16000,Lundahl 1997,10mg-PO ER tablet,14.0,0.5037,,12,10.0,fasted,True
16000,Lundahl 1997,10mg-PO ER tablet,24.0,0.2632,,12,10.0,fasted,True
16002,Edgar 1987,10mg-PO solution,0.0,0.0,,12,10.0,unknown,True
16002,Edgar 1987,10mg-PO solution,0.318963149313713,5.1109,,12,10.0,unknown,True
16002,Edgar 1987,10mg-PO solution,0.629537371162885,8.5736,,12,10.0,unknown,True
16002,Edgar 1987,10mg-PO solution,1.0,7.8048,,12,10.0,unknown,True
16002,Edgar 1987,10mg-PO solution,1.5,6.0266,,12,10.0,unknown,True
16002,Edgar 1987,10mg-PO solution,2.0,4.767,,12,10.0,unknown,True
16002,Edgar 1987,10mg-PO solution,3.0,3.3588,,12,10.0,unknown,True
16002,Edgar 1987,10mg-PO solution,4.0,2.0802,,12,10.0,unknown,True
16002,Edgar 1987,10mg-PO solution,5.5,1.3106,,12,10.0,unknown,True
16002,Edgar 1987,10mg-PO solution,7.0,0.9946,,12,10.0,unknown,True
16002,Edgar 1987,10mg-PO solution,8.5,0.7157,,12,10.0,unknown,True
16002,Edgar 1987,10mg-PO solution,10.0,0.6127,,12,10.0,unknown,True
16002,Edgar 1987,10mg-PO solution,12.0,0.4908,,12,10.0,unknown,True
16003,Edgar 1987,10mg-PO IR tablet,0.0,0.0,,12,10.0,unknown,True
16003,Edgar 1987,10mg-PO IR tablet,0.25,0.2591,,12,10.0,unknown,True
16003,Edgar 1987,10mg-PO IR tablet,0.5,1.9256,,12,10.0,unknown,True
16003,Edgar 1987,10mg-PO IR tablet,0.745086712698096,3.5087,,12,10.0,unknown,True
16003,Edgar 1987,10mg-PO IR tablet,1.0,3.8418,,12,10.0,unknown,True
16003,Edgar 1987,10mg-PO IR tablet,1.49651109740987,3.4803,,12,10.0,unknown,True
16003,Edgar 1987,10mg-PO IR tablet,2.00027114296189,2.7392,,12,10.0,unknown,True
16003,Edgar 1987,10mg-PO IR tablet,3.0,2.0533,,12,10.0,unknown,True
16003,Edgar 1987,10mg-PO IR tablet,4.0,1.4321,,12,10.0,unknown,True
16003,Edgar 1987,10mg-PO IR tablet,4.99796171225601,1.2276,,12,10.0,unknown,True
16003,Edgar 1987,10mg-PO IR tablet,6.0,0.9491,,12,10.0,unknown,True
16003,Edgar 1987,10mg-PO IR tablet,6.99923726305936,0.7816,,12,10.0,unknown,True
16003,Edgar 1987,10mg-PO IR tablet,8.0,0.716,,12,10.0,unknown,True
16003,Edgar 1987,10mg-PO IR tablet,10.0,0.659,,12,10.0,unknown,True
16003,Edgar 1987,10mg-PO IR tablet,12.0,0.6759,,12,10.0,unknown,True
16004,Edgar 1987,10mg-PO ER tablet,0.33,0.0,,12,10.0,unknown,True
16004,Edgar 1987,10mg-PO ER tablet,0.67,0.3884,,12,10.0,unknown,True
16004,Edgar 1987,10mg-PO ER tablet,1.0,1.027,,12,10.0,unknown,True
16004,Edgar 1987,10mg-PO ER tablet,1.5,1.4155,,12,10.0,unknown,True
16004,Edgar 1987,10mg-PO ER tablet,2.0,1.6929,,12,10.0,unknown,True
16004,Edgar 1987,10mg-PO ER tablet,3.0,2.0995,,12,10.0,unknown,True
16004,Edgar 1987,10mg-PO ER tablet,4.0,2.4228,,12,10.0,unknown,True
16004,Edgar 1987,10mg-PO ER tablet,5.5,2.0513,,12,10.0,unknown,True
16004,Edgar 1987,10mg-PO ER tablet,7.0,1.7816,,12,10.0,unknown,True
16004,Edgar 1987,10mg-PO ER tablet,8.5,1.4286,,12,10.0,unknown,True
16004,Edgar 1987,10mg-PO ER tablet,10.0,1.2238,,12,10.0,unknown,True
16004,Edgar 1987,10mg-PO ER tablet,12.0,1.0463,,12,10.0,unknown,True
16005,Bailey 1996,"Erythromycin DDI, control group",0.0,0.0,,12,10.0,fasted,True
16005,Bailey 1996,"Erythromycin DDI, control group",0.5,0.15,,12,10.0,fasted,True
16005,Bailey 1996,"Erythromycin DDI, control group",1.0,1.3425,1.2311,12,10.0,fasted,True
16005,Bailey 1996,"Erythromycin DDI, control group",1.5,2.1876,1.3952,12,10.0,fasted,True
16005,Bailey 1996,"Erythromycin DDI, control group",2.0,2.3139,1.5594,12,10.0,fasted,True
16005,Bailey 1996,"Erythromycin DDI, control group",2.5,2.4561,1.2037,12,10.0,fasted,True
16005,Bailey 1996,"Erythromycin DDI, control group",3.0,2.8115,1.4499,12,10.0,fasted,True
16005,Bailey 1996,"Erythromycin DDI, control group",4.0,2.3534,1.2858,12,10.0,fasted,True
16005,Bailey 1996,"Erythromycin DDI, control group",5.0,2.2192,1.6414,12,10.0,fasted,True
16005,Bailey 1996,"Erythromycin DDI, control group",6.0,1.9269,1.6141,12,10.0,fasted,True
16005,Bailey 1996,"Erythromycin DDI, control group",8.0,1.1451,1.0943,12,10.0,fasted,True
16005,Bailey 1996,"Erythromycin DDI, control group",24.0,0.1816,,12,10.0,fasted,True
16006,Jalava 1997,"Itraconazole DDI, control group",0.0,0.0,,9,5.0,fasted,True
16006,Jalava 1997,"Itraconazole DDI, control group",0.5,0.1386,,9,5.0,fasted,True
16006,Jalava 1997,"Itraconazole DDI, control group",1.0,0.6022,,9,5.0,fasted,True
16006,Jalava 1997,"Itraconazole DDI, control group",1.5,0.7608,,9,5.0,fasted,True
16006,Jalava 1997,"Itraconazole DDI, control group",2.0,0.9616,,9,5.0,fasted,True
16006,Jalava 1997,"Itraconazole DDI, control group",3.0,0.9741,,9,5.0,fasted,True
16006,Jalava 1997,"Itraconazole DDI, control group",4.0,0.955,,9,5.0,fasted,True
16006,Jalava 1997,"Itraconazole DDI, control group",6.0,1.0641,,9,5.0,fasted,True
16006,Jalava 1997,"Itraconazole DDI, control group",8.0,0.8578,,9,5.0,fasted,True
16006,Jalava 1997,"Itraconazole DDI, control group",12.0,0.7395,,9,5.0,fasted,True
16006,Jalava 1997,"Itraconazole DDI, control group",24.0,0.4583,,9,5.0,fasted,True
16006,Jalava 1997,"Itraconazole DDI, control group",32.0,0.2217,,9,5.0,fasted,True
16007,Blychert 1990,Study I-10mg-PO solution,120.0,1.5229,1.883,18,10.0,unknown,True
16007,Blychert 1990,Study I-10mg-PO solution,120.5,10.6559,6.1874,18,10.0,unknown,True
16007,Blychert 1990,Study I-10mg-PO solution,120.75,9.1479,4.7887,18,10.0,unknown,True
16007,Blychert 1990,Study I-10mg-PO solution,121.0,7.1959,4.0353,18,10.0,unknown,True
16007,Blychert 1990,Study I-10mg-PO solution,121.5,5.207,3.7125,18,10.0,unknown,True
16007,Blychert 1990,Study I-10mg-PO solution,122.0,4.4482,3.5512,18,10.0,unknown,True
16007,Blychert 1990,Study I-10mg-PO solution,123.0,3.4125,2.9054,18,10.0,unknown,True
16007,Blychert 1990,Study I-10mg-PO solution,124.0,2.6938,1.9365,18,10.0,unknown,True
16007,Blychert 1990,Study I-10mg-PO solution,125.0,2.0513,1.3988,18,10.0,unknown,True
16007,Blychert 1990,Study I-10mg-PO solution,126.0,1.8526,,18,10.0,unknown,True
16007,Blychert 1990,Study I-10mg-PO solution,127.0,1.6539,,18,10.0,unknown,True
16007,Blychert 1990,Study I-10mg-PO solution,128.0,1.4552,,18,10.0,unknown,True
16007,Blychert 1990,Study I-10mg-PO solution,130.0,1.1594,,18,10.0,unknown,True
16007,Blychert 1990,Study I-10mg-PO solution,132.0,1.0664,,18,10.0,unknown,True
16008,Blychert 1990,Study I-10mg-PO IR tablet-trial,120.0,1.4975,,18,10.0,unknown,True
16008,Blychert 1990,Study I-10mg-PO IR tablet-trial,120.5,3.719,3.0668,18,10.0,unknown,True
16008,Blychert 1990,Study I-10mg-PO IR tablet-trial,120.75,6.2438,4.2503,18,10.0,unknown,True
16008,Blychert 1990,Study I-10mg-PO IR tablet-trial,121.0,6.2448,4.8425,18,10.0,unknown,True
16008,Blychert 1990,Study I-10mg-PO IR tablet-trial,121.5,5.8411,4.0355,18,10.0,unknown,True
16008,Blychert 1990,Study I-10mg-PO IR tablet-trial,122.0,6.1983,3.7663,18,10.0,unknown,True
16008,Blychert 1990,Study I-10mg-PO IR tablet-trial,123.0,3.9451,,18,10.0,unknown,True
16008,Blychert 1990,Study I-10mg-PO IR tablet-trial,124.0,3.049,,18,10.0,unknown,True
16008,Blychert 1990,Study I-10mg-PO IR tablet-trial,125.0,2.1528,,18,10.0,unknown,True
16008,Blychert 1990,Study I-10mg-PO IR tablet-trial,126.0,1.8526,,18,10.0,unknown,True
16008,Blychert 1990,Study I-10mg-PO IR tablet-trial,127.0,1.6539,,18,10.0,unknown,True
16008,Blychert 1990,Study I-10mg-PO IR tablet-trial,128.0,1.4679,,18,10.0,unknown,True
16008,Blychert 1990,Study I-10mg-PO IR tablet-trial,130.0,1.1847,,18,10.0,unknown,True
16008,Blychert 1990,Study I-10mg-PO IR tablet-trial,132.0,1.0664,,18,10.0,unknown,True
16009,Blychert 1990,Study I-10mg-PO IR tablet-market,120.0,1.5102,,18,10.0,unknown,True
16009,Blychert 1990,Study I-10mg-PO IR tablet-market,120.5,9.9204,9.523,18,10.0,unknown,True
16009,Blychert 1990,Study I-10mg-PO IR tablet-market,120.75,10.137,10.3305,18,10.0,unknown,True
16009,Blychert 1990,Study I-10mg-PO IR tablet-market,121.0,9.1489,8.232,18,10.0,unknown,True
16009,Blychert 1990,Study I-10mg-PO IR tablet-market,121.5,6.64,5.3804,18,10.0,unknown,True
16009,Blychert 1990,Study I-10mg-PO IR tablet-market,122.0,5.3486,3.9277,18,10.0,unknown,True
16009,Blychert 1990,Study I-10mg-PO IR tablet-market,123.0,3.9198,,18,10.0,unknown,True
16009,Blychert 1990,Study I-10mg-PO IR tablet-market,124.0,2.9348,,18,10.0,unknown,True
16009,Blychert 1990,Study I-10mg-PO IR tablet-market,125.0,2.1908,,18,10.0,unknown,True
16009,Blychert 1990,Study I-10mg-PO IR tablet-market,126.0,1.8906,,18,10.0,unknown,True
16009,Blychert 1990,Study I-10mg-PO IR tablet-market,127.0,1.6665,,18,10.0,unknown,True
16009,Blychert 1990,Study I-10mg-PO IR tablet-market,128.0,1.4679,,18,10.0,unknown,True
16009,Blychert 1990,Study I-10mg-PO IR tablet-market,130.0,1.1847,,18,10.0,unknown,True
16009,Blychert 1990,Study I-10mg-PO IR tablet-market,132.0,1.0663,,18,10.0,unknown,True
16010,Blychert 1990,Study II-10mg-PO IR tablet-market,120.0,0.4094,,15,10.0,unknown,True
16010,Blychert 1990,Study II-10mg-PO IR tablet-market,120.25,0.7931,,15,10.0,unknown,True
16010,Blychert 1990,Study II-10mg-PO IR tablet-market,120.33,1.2024,1.0901,15,10.0,unknown,True
16010,Blychert 1990,Study II-10mg-PO IR tablet-market,120.67,7.7018,4.8232,15,10.0,unknown,True
16010,Blychert 1990,Study II-10mg-PO IR tablet-market,121.0,6.9595,3.5016,15,10.0,unknown,True
16010,Blychert 1990,Study II-10mg-PO IR tablet-market,121.5,5.6882,2.2134,15,10.0,unknown,True
16010,Blychert 1990,Study II-10mg-PO IR tablet-market,122.0,4.8178,1.817,15,10.0,unknown,True
16010,Blychert 1990,Study II-10mg-PO IR tablet-market,123.0,3.3415,1.5857,15,10.0,unknown,True
16010,Blychert 1990,Study II-10mg-PO IR tablet-market,124.0,2.2063,,15,10.0,unknown,True
16010,Blychert 1990,Study II-10mg-PO IR tablet-market,126.0,1.2837,,15,10.0,unknown,True
16010,Blychert 1990,Study II-10mg-PO IR tablet-market,128.0,0.8985,,15,10.0,unknown,True
16010,Blychert 1990,Study II-10mg-PO IR tablet-market,130.0,0.7094,,15,10.0,unknown,True
16010,Blychert 1990,Study II-10mg-PO IR tablet-market,132.0,0.5715,,15,10.0,unknown,True
16010,Blychert 1990,Study II-10mg-PO IR tablet-market,144.0,0.3668,,15,10.0,unknown,True
16011,Blychert 1990,Study II-10mg-PO ER tablet-trial,120.33,0.7504,,15,10.0,unknown,True
16011,Blychert 1990,Study II-10mg-PO ER tablet-trial,120.67,1.0402,,15,10.0,unknown,True
16011,Blychert 1990,Study II-10mg-PO ER tablet-trial,121.0,1.4237,,15,10.0,unknown,True
16011,Blychert 1990,Study II-10mg-PO ER tablet-trial,121.5,1.6963,,15,10.0,unknown,True
16011,Blychert 1990,Study II-10mg-PO ER tablet-trial,122.0,1.9689,,15,10.0,unknown,True
16011,Blychert 1990,Study II-10mg-PO ER tablet-trial,123.0,2.3776,,15,10.0,unknown,True
16011,Blychert 1990,Study II-10mg-PO ER tablet-trial,124.0,2.0954,,15,10.0,unknown,True
16011,Blychert 1990,Study II-10mg-PO ER tablet-trial,126.0,1.8125,,15,10.0,unknown,True
16011,Blychert 1990,Study II-10mg-PO ER tablet-trial,128.0,1.4699,,15,10.0,unknown,True
16011,Blychert 1990,Study II-10mg-PO ER tablet-trial,130.0,1.2979,,15,10.0,unknown,True
16011,Blychert 1990,Study II-10mg-PO ER tablet-trial,132.0,1.2112,,15,10.0,unknown,True
16011,Blychert 1990,Study II-10mg-PO ER tablet-trial,144.0,0.7762,,15,10.0,unknown,True
16012,Blychert 1990,Study II-10mg-PO ER tablet-market,120.33,0.8101,,15,10.0,unknown,True
16012,Blychert 1990,Study II-10mg-PO ER tablet-market,121.0,1.6626,,15,10.0,unknown,True
16012,Blychert 1990,Study II-10mg-PO ER tablet-market,121.5,2.0034,,15,10.0,unknown,True
16012,Blychert 1990,Study II-10mg-PO ER tablet-market,122.0,2.3613,,15,10.0,unknown,True
16012,Blychert 1990,Study II-10mg-PO ER tablet-market,123.0,2.6932,,15,10.0,unknown,True
16012,Blychert 1990,Study II-10mg-PO ER tablet-market,124.0,2.3087,,15,10.0,unknown,True
16012,Blychert 1990,Study II-10mg-PO ER tablet-market,126.0,1.8978,,15,10.0,unknown,True
16012,Blychert 1990,Study II-10mg-PO ER tablet-market,128.0,1.4529,,15,10.0,unknown,True
16012,Blychert 1990,Study II-10mg-PO ER tablet-market,130.0,1.2894,,15,10.0,unknown,True
16012,Blychert 1990,Study II-10mg-PO ER tablet-market,132.0,1.1259,,15,10.0,unknown,True
16012,Blychert 1990,Study II-10mg-PO ER tablet-market,144.0,0.7335,,15,10.0,unknown,True
16014,Bailey 2003,10mg-PO ER tablet,0.0,0.0,,8,10.0,fasted,True
16014,Bailey 2003,10mg-PO ER tablet,0.5,0.1493,,8,10.0,fasted,True
16014,Bailey 2003,10mg-PO ER tablet,1.0,0.2986,,8,10.0,fasted,True
16014,Bailey 2003,10mg-PO ER tablet,1.5,1.2238,0.533,8,10.0,fasted,True
16014,Bailey 2003,10mg-PO ER tablet,2.0,1.4507,0.7368,8,10.0,fasted,True
16014,Bailey 2003,10mg-PO ER tablet,2.5,2.1486,1.5206,8,10.0,fasted,True
16014,Bailey 2003,10mg-PO ER tablet,3.0,2.2924,1.693,8,10.0,fasted,True
16014,Bailey 2003,10mg-PO ER tablet,4.0,2.0257,1.3951,8,10.0,fasted,True
16014,Bailey 2003,10mg-PO ER tablet,5.0,2.3298,1.3951,8,10.0,fasted,True
16014,Bailey 2003,10mg-PO ER tablet,6.0,1.1763,0.8622,8,10.0,fasted,True
16014,Bailey 2003,10mg-PO ER tablet,8.0,0.7149,,8,10.0,fasted,True
16015,Bailey 2000,10mg-PO ER tablet,0.0,0.0,,12,10.0,fasted,True
16015,Bailey 2000,10mg-PO ER tablet,0.5,0.1278,,12,10.0,fasted,True
16015,Bailey 2000,10mg-PO ER tablet,1.0,0.4487,0.3468,12,10.0,fasted,True
16015,Bailey 2000,10mg-PO ER tablet,1.5,0.7625,0.6689,12,10.0,fasted,True
16015,Bailey 2000,10mg-PO ER tablet,2.0,0.9905,0.8175,12,10.0,fasted,True
16015,Bailey 2000,10mg-PO ER tablet,2.5,1.0969,0.768,12,10.0,fasted,True
16015,Bailey 2000,10mg-PO ER tablet,3.0,1.4893,0.9661,12,10.0,fasted,True
16015,Bailey 2000,10mg-PO ER tablet,4.0,1.4875,0.9414,12,10.0,fasted,True
16015,Bailey 2000,10mg-PO ER tablet,5.0,1.9935,1.4864,12,10.0,fasted,True
16015,Bailey 2000,10mg-PO ER tablet,6.0,1.4554,1.8827,12,10.0,fasted,True
16015,Bailey 2000,10mg-PO ER tablet,8.0,0.9082,1.1891,12,10.0,fasted,True
16016,Bailey 1998,10mg-PO ER tablet,0.0,0.0,,12,10.0,fasted,True
16016,Bailey 1998,10mg-PO ER tablet,0.5,0.1352,0.8374,12,10.0,fasted,True
16016,Bailey 1998,10mg-PO ER tablet,1.0,1.5298,,12,10.0,fasted,True
16016,Bailey 1998,10mg-PO ER tablet,1.5,2.2376,2.0715,12,10.0,fasted,True
16016,Bailey 1998,10mg-PO ER tablet,2.0,2.5765,1.9392,12,10.0,fasted,True
16016,Bailey 1998,10mg-PO ER tablet,2.5,3.6278,2.4677,12,10.0,fasted,True
16016,Bailey 1998,10mg-PO ER tablet,3.0,3.3049,2.1155,12,10.0,fasted,True
16016,Bailey 1998,10mg-PO ER tablet,4.0,3.0408,2.027,12,10.0,fasted,True
16016,Bailey 1998,10mg-PO ER tablet,5.0,2.5602,1.2781,12,10.0,fasted,True
16016,Bailey 1998,10mg-PO ER tablet,6.0,1.4307,0.8806,12,10.0,fasted,True
16016,Bailey 1998,10mg-PO ER tablet,8.0,1.0427,,12,10.0,fasted,True
16016,Bailey 1998,10mg-PO ER tablet,10.0,1.0236,,12,10.0,fasted,True
16016,Bailey 1998,10mg-PO ER tablet,12.0,0.8654,0.573,12,10.0,fasted,True
16017,Guo 2007 ,10mg-PO ER tablet,0.5,0.8016,,12,10.0,fasted,True
16017,Guo 2007 ,10mg-PO ER tablet,1.0,3.6339,4.8749,12,10.0,fasted,True
16017,Guo 2007 ,10mg-PO ER tablet,1.5,4.4355,4.0727,12,10.0,fasted,True
16017,Guo 2007 ,10mg-PO ER tablet,2.0,6.11,,12,10.0,fasted,True
16017,Guo 2007 ,10mg-PO ER tablet,2.5,6.4484,3.6407,12,10.0,fasted,True
16017,Guo 2007 ,10mg-PO ER tablet,3.0,4.8987,2.2832,12,10.0,fasted,True
16017,Guo 2007 ,10mg-PO ER tablet,4.0,3.0461,1.8512,12,10.0,fasted,True
16017,Guo 2007 ,10mg-PO ER tablet,6.0,1.8348,,12,10.0,fasted,True
16017,Guo 2007 ,10mg-PO ER tablet,8.0,1.1044,,12,10.0,fasted,True
16017,Guo 2007 ,10mg-PO ER tablet,12.0,0.9797,,12,10.0,fasted,True
16018,Dresser 2002,10mg-PO ER tablet,0.0,0.0,,11,10.0,fasted,True
16018,Dresser 2002,10mg-PO ER tablet,0.5,0.2884,0.4602,11,10.0,fasted,True
16018,Dresser 2002,10mg-PO ER tablet,1.0,0.7657,0.8811,11,10.0,fasted,True
16018,Dresser 2002,10mg-PO ER tablet,1.5,0.9183,0.6364,11,10.0,fasted,True
16018,Dresser 2002,10mg-PO ER tablet,2.0,1.0325,0.6266,11,10.0,fasted,True
16018,Dresser 2002,10mg-PO ER tablet,2.5,1.1467,0.6265,11,10.0,fasted,True
16018,Dresser 2002,10mg-PO ER tablet,3.0,1.2993,0.6267,11,10.0,fasted,True
16018,Dresser 2002,10mg-PO ER tablet,4.0,1.7609,0.8712,11,10.0,fasted,True
16018,Dresser 2002,10mg-PO ER tablet,5.0,1.6468,0.6364,11,10.0,fasted,True
16018,Dresser 2002,10mg-PO ER tablet,6.0,1.1077,0.372,11,10.0,fasted,True
16018,Dresser 2002,10mg-PO ER tablet,8.0,0.7203,0.3819,11,10.0,fasted,True
16019,Smith 1987,10mg-PO IR tablet,96.0,2.5935,1.0698,8,10.0,fasted,True
16019,Smith 1987,10mg-PO IR tablet,96.5,6.2419,4.0112,8,10.0,fasted,True
16019,Smith 1987,10mg-PO IR tablet,97.0,7.9369,5.7203,8,10.0,fasted,True
16019,Smith 1987,10mg-PO IR tablet,97.5,8.2602,3.9415,8,10.0,fasted,True
16019,Smith 1987,10mg-PO IR tablet,98.0,5.7463,1.9765,8,10.0,fasted,True
16019,Smith 1987,10mg-PO IR tablet,99.0,4.4624,2.3255,8,10.0,fasted,True
16019,Smith 1987,10mg-PO IR tablet,100.0,4.0042,1.9881,8,10.0,fasted,True
16019,Smith 1987,10mg-PO IR tablet,102.0,2.7039,1.2789,8,10.0,fasted,True
16019,Smith 1987,10mg-PO IR tablet,104.0,2.3339,1.2789,8,10.0,fasted,True
16019,Smith 1987,10mg-PO IR tablet,108.0,1.5818,1.0582,8,10.0,fasted,True
16020,Madsen 1996,10mg-PO ER tablet,0.5,0.1889,,12,10.0,fasted,True
16020,Madsen 1996,10mg-PO ER tablet,1.0,0.9158,,12,10.0,fasted,True
16020,Madsen 1996,10mg-PO ER tablet,1.5,1.031,,12,10.0,fasted,True
16020,Madsen 1996,10mg-PO ER tablet,2.0,1.3396,,12,10.0,fasted,True
16020,Madsen 1996,10mg-PO ER tablet,2.5,1.6117,,12,10.0,fasted,True
16020,Madsen 1996,10mg-PO ER tablet,3.0,1.8315,,12,10.0,fasted,True
16020,Madsen 1996,10mg-PO ER tablet,4.0,1.5235,,12,10.0,fasted,True
16020,Madsen 1996,10mg-PO ER tablet,5.0,1.8743,,12,10.0,fasted,True
16020,Madsen 1996,10mg-PO ER tablet,6.0,1.3728,,12,10.0,fasted,True
16020,Madsen 1996,10mg-PO ER tablet,8.0,1.1018,,12,10.0,fasted,True
16020,Madsen 1996,10mg-PO ER tablet,10.0,0.9145,,12,10.0,fasted,True
16020,Madsen 1996,10mg-PO ER tablet,12.0,0.6906,,12,10.0,fasted,True
16020,Madsen 1996,10mg-PO ER tablet,24.0,0.0266,,12,10.0,fasted,True
16020,Madsen 1996,10mg-PO ER tablet,48.0,-0.01,,12,10.0,fasted,True
16021,Lundahl 1998,10mg-PO ER tablet,0.0,0.0,,12,10.0,fasted,True
16021,Lundahl 1998,10mg-PO ER tablet,0.5,0.4376,,12,10.0,fasted,True
16021,Lundahl 1998,10mg-PO ER tablet,1.0,1.4216,,12,10.0,fasted,True
16021,Lundahl 1998,10mg-PO ER tablet,1.5,1.8046,,12,10.0,fasted,True
16021,Lundahl 1998,10mg-PO ER tablet,2.0,1.9235,,12,10.0,fasted,True
16021,Lundahl 1998,10mg-PO ER tablet,2.5,2.0242,,12,10.0,fasted,True
16021,Lundahl 1998,10mg-PO ER tablet,3.0,2.2069,,12,10.0,fasted,True
16021,Lundahl 1998,10mg-PO ER tablet,3.5,2.4259,,12,10.0,fasted,True
16021,Lundahl 1998,10mg-PO ER tablet,4.0,2.3992,,12,10.0,fasted,True
16021,Lundahl 1998,10mg-PO ER tablet,4.5,2.5272,,12,10.0,fasted,True
16021,Lundahl 1998,10mg-PO ER tablet,5.0,2.0998,,12,10.0,fasted,True
16021,Lundahl 1998,10mg-PO ER tablet,6.0,1.6547,,12,10.0,fasted,True
16021,Lundahl 1998,10mg-PO ER tablet,8.0,1.2926,,12,10.0,fasted,True
16021,Lundahl 1998,10mg-PO ER tablet,10.0,1.0399,,12,10.0,fasted,True
16021,Lundahl 1998,10mg-PO ER tablet,12.0,0.8144,,12,10.0,fasted,True
16021,Lundahl 1998,10mg-PO ER tablet,14.0,0.6982,,12,10.0,fasted,True
16021,Lundahl 1998,10mg-PO ER tablet,24.0,0.3449,,12,10.0,fasted,True
16021,Lundahl 1998,10mg-PO ER tablet,312.0,0.8924,,12,10.0,fasted,True
16021,Lundahl 1998,10mg-PO ER tablet,312.5,1.1934,,12,10.0,fasted,True
16021,Lundahl 1998,10mg-PO ER tablet,313.0,2.1318,,12,10.0,fasted,True
16021,Lundahl 1998,10mg-PO ER tablet,313.5,2.6878,,12,10.0,fasted,True
16021,Lundahl 1998,10mg-PO ER tablet,314.0,3.0253,,12,10.0,fasted,True
16021,Lundahl 1998,10mg-PO ER tablet,314.5,3.1988,,12,10.0,fasted,True
16021,Lundahl 1998,10mg-PO ER tablet,315.0,3.5909,,12,10.0,fasted,True
16021,Lundahl 1998,10mg-PO ER tablet,315.5,3.4549,,12,10.0,fasted,True
16021,Lundahl 1998,10mg-PO ER tablet,316.0,3.2187,,12,10.0,fasted,True
16021,Lundahl 1998,10mg-PO ER tablet,316.5,3.547,,12,10.0,fasted,True
16021,Lundahl 1998,10mg-PO ER tablet,317.0,3.1287,,12,10.0,fasted,True
16021,Lundahl 1998,10mg-PO ER tablet,318.0,2.6381,,12,10.0,fasted,True
16021,Lundahl 1998,10mg-PO ER tablet,320.0,2.0393,,12,10.0,fasted,True
16021,Lundahl 1998,10mg-PO ER tablet,322.0,1.5589,,12,10.0,fasted,True
16021,Lundahl 1998,10mg-PO ER tablet,324.0,1.2424,,12,10.0,fasted,True
16021,Lundahl 1998,10mg-PO ER tablet,326.0,1.1444,,12,10.0,fasted,True
16021,Lundahl 1998,10mg-PO ER tablet,336.0,0.7274,,12,10.0,fasted,True
16022,Dresser 2017,10mg-PO ER tablet,0.0,0.164,,5,10.0,fasted,True
16022,Dresser 2017,10mg-PO ER tablet,0.5,0.2508,,5,10.0,fasted,True
16022,Dresser 2017,10mg-PO ER tablet,1.0,0.9405,,5,10.0,fasted,True
16022,Dresser 2017,10mg-PO ER tablet,1.5,1.0997,,5,10.0,fasted,True
16022,Dresser 2017,10mg-PO ER tablet,2.0,1.6785,,5,10.0,fasted,True
16022,Dresser 2017,10mg-PO ER tablet,2.5,2.1125,0.8736,5,10.0,fasted,True
16022,Dresser 2017,10mg-PO ER tablet,3.0,2.1994,0.9059,5,10.0,fasted,True
16022,Dresser 2017,10mg-PO ER tablet,3.5,2.2428,0.9706,5,10.0,fasted,True
16022,Dresser 2017,10mg-PO ER tablet,4.0,2.3296,,5,10.0,fasted,True
16022,Dresser 2017,10mg-PO ER tablet,5.0,2.1752,0.3343,5,10.0,fasted,True
16022,Dresser 2017,10mg-PO ER tablet,6.0,1.717,0.3559,5,10.0,fasted,True
16022,Dresser 2017,10mg-PO ER tablet,7.0,1.3601,0.2804,5,10.0,fasted,True
16022,Dresser 2017,10mg-PO ER tablet,8.0,1.3457,0.3559,5,10.0,fasted,True
16023,Bailey 1995,10mg-PO ER tablet,0.0,0.0,,12,10.0,fasted,True
16023,Bailey 1995,10mg-PO ER tablet,0.5,0.1126,,12,10.0,fasted,True
16023,Bailey 1995,10mg-PO ER tablet,1.0,1.3459,,12,10.0,fasted,True
16023,Bailey 1995,10mg-PO ER tablet,1.5,2.1999,,12,10.0,fasted,True
16023,Bailey 1995,10mg-PO ER tablet,2.0,2.347,1.1401,12,10.0,fasted,True
16023,Bailey 1995,10mg-PO ER tablet,2.5,2.4855,1.6061,12,10.0,fasted,True
16023,Bailey 1995,10mg-PO ER tablet,3.0,2.8308,1.736,12,10.0,fasted,True
16023,Bailey 1995,10mg-PO ER tablet,4.0,2.3664,1.3836,12,10.0,fasted,True
16023,Bailey 1995,10mg-PO ER tablet,5.0,2.2381,0.9623,12,10.0,fasted,True
16023,Bailey 1995,10mg-PO ER tablet,6.0,1.9547,0.6185,12,10.0,fasted,True
16023,Bailey 1995,10mg-PO ER tablet,8.0,1.1465,0.431,12,10.0,fasted,True
16023,Bailey 1995,10mg-PO ER tablet,24.0,0.1983,,12,10.0,fasted,True
16024,Aberg 1997,10mg-PO ER tablet,144.0,0.4437,,36,10.0,fasted,True
16024,Aberg 1997,10mg-PO ER tablet,144.5,0.807,,36,10.0,fasted,True
16024,Aberg 1997,10mg-PO ER tablet,145.0,1.3069,,36,10.0,fasted,True
16024,Aberg 1997,10mg-PO ER tablet,146.0,2.0279,,36,10.0,fasted,True
16024,Aberg 1997,10mg-PO ER tablet,147.0,2.4872,,36,10.0,fasted,True
16024,Aberg 1997,10mg-PO ER tablet,148.0,2.6736,,36,10.0,fasted,True
16024,Aberg 1997,10mg-PO ER tablet,149.0,2.0635,,36,10.0,fasted,True
16024,Aberg 1997,10mg-PO ER tablet,150.0,1.9086,,36,10.0,fasted,True
16024,Aberg 1997,10mg-PO ER tablet,152.0,1.4907,,36,10.0,fasted,True
16024,Aberg 1997,10mg-PO ER tablet,154.0,1.2433,,36,10.0,fasted,True
16024,Aberg 1997,10mg-PO ER tablet,156.0,0.9903,,36,10.0,fasted,True
16024,Aberg 1997,10mg-PO ER tablet,158.0,0.8795,,36,10.0,fasted,True
16024,Aberg 1997,10mg-PO ER tablet,160.0,0.6436,,36,10.0,fasted,True
16024,Aberg 1997,10mg-PO ER tablet,162.0,0.5271,,36,10.0,fasted,True
16024,Aberg 1997,10mg-PO ER tablet,164.0,0.4504,,36,10.0,fasted,True
16024,Aberg 1997,10mg-PO ER tablet,166.0,0.4193,,36,10.0,fasted,True
16024,Aberg 1997,10mg-PO ER tablet,168.0,0.4564,,36,10.0,fasted,True
16025,Dresser 2000,5mg-PO ER tablet,0.0,0.0,,12,5.0,fasted,True
16025,Dresser 2000,5mg-PO ER tablet,0.5,0.0592,,12,5.0,fasted,True
16025,Dresser 2000,5mg-PO ER tablet,1.0,0.3427,,12,5.0,fasted,True
16025,Dresser 2000,5mg-PO ER tablet,1.5,0.8423,0.7771,12,5.0,fasted,True
16025,Dresser 2000,5mg-PO ER tablet,2.0,0.9513,0.6332,12,5.0,fasted,True
16025,Dresser 2000,5mg-PO ER tablet,2.5,0.9192,0.5181,12,5.0,fasted,True
16025,Dresser 2000,5mg-PO ER tablet,3.0,0.9203,0.5468,12,5.0,fasted,True
16025,Dresser 2000,5mg-PO ER tablet,4.0,0.7645,0.518,12,5.0,fasted,True
16025,Dresser 2000,5mg-PO ER tablet,5.0,0.5754,,12,5.0,fasted,True
16025,Dresser 2000,5mg-PO ER tablet,6.0,0.4611,,12,5.0,fasted,True
16025,Dresser 2000,5mg-PO ER tablet,8.0,0.4237,0.4893,12,5.0,fasted,True
16025,Dresser 2000,5mg-PO ER tablet,24.0,0.1288,,12,5.0,fasted,True
16026,Dresser 2000,"2.5mg,5mg-PO ER tablet",168.0,0.6198,0.8502,6,,fasted,True
16026,Dresser 2000,"2.5mg,5mg-PO ER tablet",168.5,0.6859,0.8299,6,,fasted,True
16026,Dresser 2000,"2.5mg,5mg-PO ER tablet",169.0,1.1817,1.1133,6,,fasted,True
16026,Dresser 2000,"2.5mg,5mg-PO ER tablet",169.5,1.2974,1.0121,6,,fasted,True
16026,Dresser 2000,"2.5mg,5mg-PO ER tablet",170.0,1.3387,0.7287,6,,fasted,True
16026,Dresser 2000,"2.5mg,5mg-PO ER tablet",170.5,1.4544,0.6477,6,,fasted,True
16026,Dresser 2000,"2.5mg,5mg-PO ER tablet",171.0,1.2974,0.6477,6,,fasted,True
16026,Dresser 2000,"2.5mg,5mg-PO ER tablet",172.0,1.0991,0.7894,6,,fasted,True
16026,Dresser 2000,"2.5mg,5mg-PO ER tablet",173.0,1.2891,0.9918,6,,fasted,True
16026,Dresser 2000,"2.5mg,5mg-PO ER tablet",174.0,1.19,1.0323,6,,fasted,True
16026,Dresser 2000,"2.5mg,5mg-PO ER tablet",176.0,1.0164,0.9109,6,,fasted,True
16026,Dresser 2000,"2.5mg,5mg-PO ER tablet",192.0,0.4462,0.6477,6,,fasted,True
16027,Bailey 1993,5mg-PO IR tablet,0.0,0.0,,9,5.0,fasted,True
16027,Bailey 1993,5mg-PO IR tablet,0.5,1.1972,1.2251,9,5.0,fasted,True
16027,Bailey 1993,5mg-PO IR tablet,1.0,2.4598,1.0455,9,5.0,fasted,True
16027,Bailey 1993,5mg-PO IR tablet,1.5,2.1542,1.2741,9,5.0,fasted,True
16027,Bailey 1993,5mg-PO IR tablet,2.0,1.8486,0.9474,9,5.0,fasted,True
16027,Bailey 1993,5mg-PO IR tablet,2.5,1.4994,0.8004,9,5.0,fasted,True
16027,Bailey 1993,5mg-PO IR tablet,3.0,1.2755,0.735,9,5.0,fasted,True
16027,Bailey 1993,5mg-PO IR tablet,4.0,1.1108,0.9964,9,5.0,fasted,True
16027,Bailey 1993,5mg-PO IR tablet,5.0,0.6956,0.588,9,5.0,fasted,True
16027,Bailey 1993,5mg-PO IR tablet,6.0,0.4982,0.8167,9,5.0,fasted,True
16027,Bailey 1993,5mg-PO IR tablet,8.0,0.2287,0.6207,9,5.0,fasted,True
16028,Goosen 2004,5mg-PO ER tablet,0.0,0.0,,11,5.0,fasted,True
16028,Goosen 2004,5mg-PO ER tablet,0.5,0.1755,,11,5.0,fasted,True
16028,Goosen 2004,5mg-PO ER tablet,1.0,0.5797,0.33,11,5.0,fasted,True
16028,Goosen 2004,5mg-PO ER tablet,1.5,0.5478,0.3019,11,5.0,fasted,True
16028,Goosen 2004,5mg-PO ER tablet,2.0,0.6958,0.2598,11,5.0,fasted,True
16028,Goosen 2004,5mg-PO ER tablet,2.5,0.7168,0.2036,11,5.0,fasted,True
16028,Goosen 2004,5mg-PO ER tablet,3.0,0.7484,0.1896,11,5.0,fasted,True
16028,Goosen 2004,5mg-PO ER tablet,4.0,0.8835,0.2387,11,5.0,fasted,True
16028,Goosen 2004,5mg-PO ER tablet,5.0,0.8663,0.2388,11,5.0,fasted,True
16028,Goosen 2004,5mg-PO ER tablet,6.0,0.8278,0.2668,11,5.0,fasted,True
16028,Goosen 2004,5mg-PO ER tablet,8.0,0.5603,0.1685,11,5.0,fasted,True
16028,Goosen 2004,5mg-PO ER tablet,10.0,0.5342,0.2036,11,5.0,fasted,True
16028,Goosen 2004,5mg-PO ER tablet,12.0,0.6182,0.316,11,5.0,fasted,True
16028,Goosen 2004,5mg-PO ER tablet,24.0,0.307,0.1545,11,5.0,fasted,True
16029,Edgar 1992,5mg-PO IR tablet,0.0,0.0,,9,5.0,fasted,True
16029,Edgar 1992,5mg-PO IR tablet,0.5,1.1742,1.4299,9,5.0,fasted,True
16029,Edgar 1992,5mg-PO IR tablet,1.0,2.0111,1.034,9,5.0,fasted,True
16029,Edgar 1992,5mg-PO IR tablet,1.5,2.056,1.122,9,5.0,fasted,True
16029,Edgar 1992,5mg-PO IR tablet,2.0,1.8003,0.792,9,5.0,fasted,True
16029,Edgar 1992,5mg-PO IR tablet,2.5,1.5665,0.902,9,5.0,fasted,True
16029,Edgar 1992,5mg-PO IR tablet,3.0,1.3255,0.704,9,5.0,fasted,True
16029,Edgar 1992,5mg-PO IR tablet,4.0,0.8946,0.616,9,5.0,fasted,True
16029,Edgar 1992,5mg-PO IR tablet,5.0,0.6398,,9,5.0,fasted,True
16029,Edgar 1992,5mg-PO IR tablet,6.0,0.4583,,9,5.0,fasted,True
16029,Edgar 1992,5mg-PO IR tablet,8.0,0.3447,,9,5.0,fasted,True
16030,Bratel 1989,5mg-PO IR tablet,72.0,1.2364,0.987,11,5.0,fed,True
16030,Bratel 1989,5mg-PO IR tablet,72.5,2.6555,5.7143,11,5.0,fed,True
16030,Bratel 1989,5mg-PO IR tablet,73.0,4.0798,4.0345,11,5.0,fed,True
16030,Bratel 1989,5mg-PO IR tablet,73.5,3.9535,3.3246,11,5.0,fed,True
16030,Bratel 1989,5mg-PO IR tablet,74.0,3.7281,2.7877,11,5.0,fed,True
16030,Bratel 1989,5mg-PO IR tablet,75.0,2.5931,1.8702,11,5.0,fed,True
16030,Bratel 1989,5mg-PO IR tablet,76.0,2.1109,1.1255,11,5.0,fed,True
16030,Bratel 1989,5mg-PO IR tablet,78.0,1.35,0.7445,11,5.0,fed,True
16030,Bratel 1989,5mg-PO IR tablet,80.0,1.0641,0.7099,11,5.0,fed,True
16062,Bailey 1996,"Erythromycin DDI, treatment group",24.0,0.0,,12,10.0,fasted,False
16062,Bailey 1996,"Erythromycin DDI, treatment group",24.5,0.3238,0.8207,12,10.0,fasted,False
16062,Bailey 1996,"Erythromycin DDI, treatment group",25.0,2.7404,,12,10.0,fasted,False
16062,Bailey 1996,"Erythromycin DDI, treatment group",25.5,4.9516,2.2159,12,10.0,fasted,False
16062,Bailey 1996,"Erythromycin DDI, treatment group",26.0,6.2705,2.5169,12,10.0,fasted,False
16062,Bailey 1996,"Erythromycin DDI, treatment group",26.5,6.6496,2.5716,12,10.0,fasted,False
16062,Bailey 1996,"Erythromycin DDI, treatment group",27.0,6.7601,2.7084,12,10.0,fasted,False
16062,Bailey 1996,"Erythromycin DDI, treatment group",28.0,6.3889,2.1339,12,10.0,fasted,False
16062,Bailey 1996,"Erythromycin DDI, treatment group",29.0,4.8253,1.6688,12,10.0,fasted,False
16062,Bailey 1996,"Erythromycin DDI, treatment group",30.0,3.3643,1.2858,12,10.0,fasted,False
16062,Bailey 1996,"Erythromycin DDI, treatment group",32.0,2.7483,1.2858,12,10.0,fasted,False
16062,Bailey 1996,"Erythromycin DDI, treatment group",48.0,0.9398,0.5198,12,10.0,fasted,False
16063,Jalava 1997,"Itraconazole DDI, treatment group",73.0,0.0,,9,5.0,fasted,False
16063,Jalava 1997,"Itraconazole DDI, treatment group",73.5,0.1987,,9,5.0,fasted,False
16063,Jalava 1997,"Itraconazole DDI, treatment group",74.0,1.7474,,9,5.0,fasted,False
16063,Jalava 1997,"Itraconazole DDI, treatment group",74.5,3.784,1.0695,9,5.0,fasted,False
16063,Jalava 1997,"Itraconazole DDI, treatment group",75.0,5.4265,2.0544,9,5.0,fasted,False
16063,Jalava 1997,"Itraconazole DDI, treatment group",76.0,7.7547,3.3208,9,5.0,fasted,False
16063,Jalava 1997,"Itraconazole DDI, treatment group",77.0,8.3006,4.1932,9,5.0,fasted,False
16063,Jalava 1997,"Itraconazole DDI, treatment group",79.0,6.8595,3.6867,9,5.0,fasted,False
16063,Jalava 1997,"Itraconazole DDI, treatment group",81.0,4.574,3.0672,9,5.0,fasted,False
16063,Jalava 1997,"Itraconazole DDI, treatment group",85.0,2.9582,1.8856,9,5.0,fasted,False
16063,Jalava 1997,"Itraconazole DDI, treatment group",97.0,2.1068,1.2386,9,5.0,fasted,False
16063,Jalava 1997,"Itraconazole DDI, treatment group",105.0,1.6237,,9,5.0,fasted,False
